{"left": [[[0.34462174940898344, 0.340691685062546], [0.34670509438566877, 0.3509933774834437]], [[0.34958628841607564, 0.026490066225165563], [0.3579200409100816, 0.029433406916850625]], [[0.34627659574468084, 0.9852832965415746], [0.3491543355806555, 0.9867549668874173]]], "right": [[[0.6556540583136327, 0.9808682855040471], [0.6532469660529533, 0.9904341427520236]], [[0.6636524822695035, 0.6423841059602649], [0.6647197274399963, 0.6659308314937454]], [[0.6523443656422379, 0.03090507726269316], [0.644223445860897, 0.026490066225165563]]], "r_left": [[[2184, 484], [765, 484]], [[2330, 358], [917, 326]], [[1636, 1021], [246, 1193]]], "r_right": [[[888, 1069], [2290, 1194]], [[634, 682], [2071, 721]], [[341, 351], [1757, 318]]]}