{"left": [[[0.3451733648542159, 0.9919058130978661], [0.34983714831643337, 0.9823399558498896]], [[0.34503546099290777, 0.8543046357615894], [0.34652369872345395, 0.8491537895511405]], [[0.34338061465721037, 0.6158940397350994], [0.34422977208216043, 0.6916850625459897]]], "right": [[[0.6494483845547675, 0.9683590875643856], [0.6432048776640765, 0.03899926416482708]], [[0.649034672970843, 0.5172921265636498], [0.649576896112114, 0.4856512141280353]], [[0.6508274231678486, 0.06990434142752024], [0.6509787401706821, 0.8719646799116998]]], "r_left": [[[1768, 1428], [183, 1732]], [[1955, 1241], [376, 1467]], [[2166, 1023], [545, 1247]]], "r_right": [[[82, 747], [1887, 771]], [[281, 939], [2064, 1035]], [[712, 1337], [2354, 1512]]]}