{"left": [[[0.34572498029944837, 0.9838116261957321], [0.34973405031542615, 0.9823399558498896]], [[0.3435185185185185, 0.3922001471670346], [0.3538785868510228, 0.4179543782192789]], [[0.3448975571315997, 0.03164091243561442], [0.3655808076574134, 0.03237674760853569]]], "right": [[[0.6508274231678486, 0.007358351729212656], [0.6507005416797849, 0.9793966151582045]], [[0.6502758077226162, 0.2869757174392936], [0.6508224398131848, 0.7108167770419426]], [[0.6508274231678486, 0.9536423841059603], [0.6472873939445876, 0.027225901398086828]]], "r_left": [[[1684, 1042], [51, 1713]], [[2303, 520], [646, 938]], [[2498, 364], [855, 705]]], "r_right": [[[832, 1258], [2462, 1703]], [[482, 918], [2170, 1218]], [[100, 540], [1837, 687]]]}